id,artist_name,genres,followers,popularity
4Z8W4fKeB5YxbusRsdQVPb,Radiohead,alternative rock,9864198,78
6zvul52xwTWzilBZl6BUbT,Pixies,alternative rock,2941112,67
6XyY86QOPPrYVGvF9ch6wz,Linkin Park,alternative metal,25366657,83
3nFkdlSjzX9mRTtwJOzDYB,JAY-Z,east coast hip hop,9068320,80
5BtHciL0e0zOP7prIHn3pP,Breaking Benjamin,alternative metal,4564792,68
0kD8IT1CzF7js2XKM9lLLa,STARSET,future rock,947368,61
6jMXENspOIBHOTQNQDTxsW,DIAMANTE,hel,130935,49
01crEa9G3pNpXZ5m7wuHOk,Red,alternative rock,20688473,80
2ye2Wgw4gimLv2eAKyk1NB,Metallica,hard rock,27083724,79
6BrvowZBreEkXzJQMpL174,Hardwell,big room,3615004,65
2M4eNCvV3CJUswavkhAQg2,James Newton Howard,orchestral soundtrack,351311,60
4gzpq5DPGxSnKTe4SA8HAU,Coldplay,permanent wave,50528898,85
69GGBxA162lTqCwzJG5jLp,The Chainsmokers,pop,20107126,79
3qm84nBOXUEQ2vnTfUTTFC,Guns N' Roses,glam metal,30642095,77
165ZgPlLkK7bf5bDoFc6Sb,Limp Bizkit,alternative metal,5950915,73
1dfeR4HaWDbWqFHLkxsg1d,Queen,classic rock,49767123,82
19ra5tSw0tWufvUp8GotLo,George Michael,new wave pop,4770970,70
6mdiAmATAx73kdxrNrnlao,Iron Maiden,alternative metal,8963376,69
36QJpDe2go2KgaRleHCDTp,Led Zeppelin,album rock,14245005,73
6olE6TJLqED3rqDCT0FyPh,Nirvana,grunge,19352635,79
5nGIFgo0shDenQYSE0Sn7c,Evanescence,alternative metal,4433206,70
1kDGbuxWknIKx4FlgWxiSp,Nothing But Thieves,alternative pop rock,1163404,65
4f9iBmdUOhQWeP7dcAn1pf,Rag'n'Bone Man,,13,0
6ZLTlhejhndI4Rh53vYhrY,Ozzy Osbourne,album rock,5452241,68
246dkjvS1zLTtiykXe5h60,Post Malone,dfw rap,43954559,89
77tBvvyd6SD4Y9Um1xcbxP,Lita Ford,album rock,467678,44
3HVdAiMNjYrQIKlOGxoGh5,Rob Zombie,alternative metal,2939184,65
1YfEcTuGvBQ8xSD1f53UnK,Busta Rhymes,east coast hip hop,2721795,68
51Blml2LZPmy7TTiAg47vQ,U2,irish rock,12109743,75
1XkoF8ryArs86LZvFOkbyr,Mary J. Blige,dance pop,3801653,68
2YZyLoL8N0Wb9xBt1NhZWg,Kendrick Lamar,conscious hip hop,29170818,91
69QKcDt724e93ZYkBSjsYP,LMC,oshare kei,43714,28
3o2dn2O0FCVsWDFSh8qxgG,Sabaton,power metal,2105765,69
1E4r4z7ivGUcSAnCbINJ9v,Drowning Pool,alternative metal,2000317,60
502ZZTWlqgS1Ht62ewubEJ,Dead By Sunrise,electronic rock,153293,39
6xBZgSMsnKVmaAxzWEwMSD,Mike Shinoda,alternative hip hop,561244,52
1AZ30JnvQU1pbX6sbRE0Yn,Poets of the Fall,finnish alternative rock,288926,47
0qT79UgT5tY4yudH9VfsdT,Sum 41,alternative metal,3821632,70
0DrXhci3WAyo0WJv1RBOG6,12 Stones,alternative metal,417383,43
6GfiCQDFYANz5wUkSmb3Dr,Thousand Foot Krutch,alternative metal,1331942,63
0fkTQEEyEyH71i9tDhS7CO,Ashes Remain,christian rock,285065,52
00YTqRClk82aMchQQpYMd5,Our Last Night,american metalcore,1110134,60
2VHBlfsJbX4cJwD8PbxA1q,Broken Iris,,17675,27
4pAS4bVhSIcOQeJPKC6xMY,We Are the Emergency,swedish metalcore,5773,20
0Vpec38i5geCuhm1qZNqGl,Parabelle,canadian rock,21386,24
5eAWCfyUhZtHHtBdNk56l1,System Of A Down,alternative metal,10602849,77
3gd8FJtBJtkRxdfbTu19U2,Mumford & Sons,modern folk rock,6378546,68
2PCUhxD40qlMqsKHjTZD2e,Parachute,acoustic pop,640763,45
1t20wYnTiAT0Bs7H1hv9Wt,EDEN,indie poptimism,980945,56
4Lm0pUvmisUHMdoky5ch2I,Apocalyptica,cello,1031361,57
49OM82TTyRy3U8owGgM0iu,Arrows to Athens,pixie,33171,33
2MqhkhX4npxDZ62ObR5ELO,Hoobastank,alternative metal,2484965,63
22bE4uQ6baNwSHPVcDxLCe,The Rolling Stones,album rock,13929993,77
2q3GG88dVwuQPF4FmySr9I,The Score,modern alternative rock,1431585,65
3h9p6ezLoqYJ0viEfqGE4j,Exit Eden,comic metal,77368,37
0zOcE3mg9nS6l3yxt1Y0bK,The Fray,neo mellow,3988608,68
4M1FpEWs2PeYfJe7xxJfhH,Freddie Mercury,glam rock,6921395,55
5M52tdBnJaKSvOpJGz8mfZ,Black Sabbath,album rock,7802232,70
53XhwfbYqKCa1cC15pYq2q,Imagine Dragons,modern rock,52493039,85
0spHbv2fw49lDMkbOAdaqX,WWE,wrestling,552419,63
7Ey4PD4MYsKc5I2dolUwbH,Aerosmith,album rock,14183857,72
6om12Ev5ppgoMy3OYSoech,Halestorm,alternative metal,1436093,60
53A0W3U0s8diEn9RhXQhVz,Keane,neo mellow,3347914,71
76ptJV8617638xrpeoUtzl,The Rasmus,finnish alternative rock,482218,53
7Ln80lUS6He07XvHI8qqHH,Arctic Monkeys,garage rock,24693175,83
4A9xtvezlouTD7H0kyUje9,Twin Atlantic,british alternative rock,150429,39
74XFHRwlV6OrjEM0A2NCMF,Paramore,candy pop,8461072,75
3yY2gUcIsjMr8hjo51PoJ8,The Smiths,madchester,5690218,75
7bu3H8JO7d0UbMoVzbo70s,The Cure,new wave,5404290,72
1ShwUjKIwQRaUJij7jgRhp,The Night Café,english indie rock,114217,35
0k17h0D3J5VfsdmQ1iZtE9,Pink Floyd,album rock,20248556,76
3WaJSfKnzc65VDgmj2zU8B,Interpol,alternative dance,1695769,62
72X6FHxaShda0XeQw3vbeF,Slowdive,alternative rock,1038735,60
3kx1S2P2Qq3a9bG4DGsAjR,A Place To Bury Strangers,american post-punk,100056,32
6XYvaoDGE0VmRt83Jss9Sn,King Gizzard & The Lizard Wizard,australian psych,1138381,59
0q32a3GRCjDxS4EIrC7YVY,The Sword,austin metal,221850,44
56dO9zeHKuU5Gvfc2kxHNw,Chevelle,alternative metal,1839574,61
64tNsm6TnZe2zpcMVMOoHL,Alice In Chains,alternative metal,5033270,69
0L8ExT028jH3ddEcZwqJJ5,Red Hot Chili Peppers,alternative rock,20688473,80
2pqd3HsfsvcBGtHvPOg6eg,Highly Suspect,modern alternative rock,608268,55
2ziB7fzrXBoh1HUPS6sVFn,Audioslave,alternative metal,4457100,65
49DW3KvkyjHO35mK1JnSyS,The Cult,album rock,714655,55
07jc1IMGtecDZzOL9cP50t,Days Of The New,alternative metal,391088,46
6Ghvu1VvMGScGpOUJBAHNH,Deftones,alternative metal,5435476,76
6FKokxvL5PCWIxrVhMyDgI,Demob Happy,brighton indie,58923,38
0qB0cTENhSUc0feov5qbg0,Helmet,alternative metal,308302,47
6rX8AFY10dsJkJsv23Z9Um,Karnivool,alternative metal,207997,43
4DFhHyjvGYa9wxdHUjtDkc,A Perfect Circle,alternative metal,1846604,60
1pRaG81GsVtaTBuVSpldt2,Pop Evil,alternative metal,552956,52
2d0hyoQ5ynDBnkvAbJKORj,Rage Against The Machine,alternative metal,5945106,68
3u4HBuoQ4dgPBzX2Q9uf5S,Red Fang,portland metal,242205,39
5xUf6j4upBrXZPg6AI4MRK,Soundgarden,alternative metal,4365159,65
4tMZahYVKJdjbC1GHVtNnV,Tantric,alternative metal,212943,40
3NChzMpu9exTlNPiqUQ2DE,Thrice,post-hardcore,455479,52
3YQKmKGau1PzlVlkL1iodx,Twenty One Pilots,modern rock,24137092,79
1w5Kfo2jwwIPruYS2UWh56,Pearl Jam,alternative metal,8721665,73
64mPnRMMeudAet0E62ypkx,Primus,alternative metal,1156175,55
7jy3rLJdDQY21OgRLCZ9sD,Foo Fighters,alternative metal,11682485,75
0T7JQxpy1Li93vLNirbv0Z,Mad Season,alternative metal,607184,46
78SHxLdtysAXgywQ4vE0Oa,Bush,alternative metal,1850469,58
1gUch6pcj8OKOw6kKlWAPE,Nico Vega,indie rock,56245,34
4zYQWYmtimAEmI6WWEzGfO,Them Crooked Vultures,alternative metal,577851,50
5sD1ZLf2dGQ9gQ3YJl1eAd,Blind Melon,alternative metal,1190506,57
40Yq4vzPs9VNUrIBG5Jr2i,The Smashing Pumpkins,alternative metal,5035466,69
0YhUSm86okLWldQVwJkLlP,Bad Suns,la indie,482391,52
6FBDaR13swtiWwGhX1WQsP,blink-182,alternative metal,8189730,75
4unllJ7RMbdpBbTELvKwys,Scorpion Child,austin rock,17144,18
1TKaUU8ooBgSW9TlyKsw6k,Fu Manchu,palm desert scene,226048,42
3HCpwNmFp2rvjkdjTs4uxs,Kyuss,alternative metal,475817,46
3KdXhEwbqFHfNfSk7L9E87,Baroness,progressive sludge,264934,41
4pejUc4iciQfgdX6OKulQn,Queens of the Stone Age,alternative metal,3493167,67
0iHb0mCbqZTYeb4y9Pirrd,Temple Of The Dog,alternative metal,1242202,51
2UazAtjfzqBF0Nho2awK4z,Stone Temple Pilots,alternative metal,3474555,64
3RNrq3jvMZxD9ZyoOZbQOD,Korn,alternative metal,7475758,73
3X0a18Q9nluwuFYv5hB5cm,Monolord,doom metal,93310,31
1vrCjYU0zXNXvLobueUTvQ,Mars Red Sky,french stoner rock,59114,34
2KIzxbJeiFf6IpBFn2ZD2S,Samsara Blues Experiment,german hard rock,82924,26
4idYdwYKM9exGep2RkwHcE,My Sleeping Karma,german stoner rock,79156,30
4e5V1Q2dKCzbLVMQ8qbTn6,Collective Soul,alternative rock,1092875,58
7CHilrn81OdYjkh4uSVnYM,Velvet Revolver,alternative metal,1490524,49
6A43Djmhbe9100UwnI7epV,CAKE,alternative rock,1155160,60
7MhMgCo0Bl0Kukl93PZbYS,Blur,alternative rock,3308578,67
3dXaa6jwM7B52GZpaJEIr5,Puddle Of Mudd,alternative metal,2033386,60
62BcWP4fzR8axESibNQEhs,Butthole Surfers,alternative rock,353453,48
0CF71zaDOJWCynIkW9bSK8,White Zombie,alternative metal,1220508,53
0FfuujZJUa7Z2JzhhiPI2z,Kadavar,german hard rock,125851,35
16PcI6JjJuUfPlsX8Ffvfl,Uncle Acid & The Deadbeats,doom metal,187872,42
7peuJpsA6lf6zQsVokZKt9,Danava,portland metal,12979,13
23lyMLxYNPS15hpVvFNptR,Stoned Jesus,stoner metal,130691,32
29Wmfm1CojrjQ3aQP0FI65,All Them Witches,indie rock,300995,47
0zpMEtJmjRr1MKFveLQqeZ,The Heavy Eyes,alternative roots rock,37766,40
7EgAHTw2PMP7a1tAEtue89,1000mods,greek metal,106231,35
241hv7ZoEm7iE2GrHIkLs8,Kagoule,nottingham indie,5511,7
4KH4eOg39KeBpnfSgvIteD,Pretty Vicious,english indie rock,52979,35
2kjn4KcvCR9atreeGcoest,Black Moth,gaian doom,15489,15
0Nrwy16xCPXG8AwkMbcVvo,Black Pistol Fire,alternative roots rock,216674,47
0x7UDEGg5P2hFiaQFHeXPy,Hermano,corrido,174973,67
3Gkit5uLARc6bv3AyYrh5Q,Royal Thunder,gaian doom,35742,23
538ZIoOw6wW1xdjuIaQHOS,Brant Bjork,instrumental stoner rock,108863,38
2Mjr7nb7vY7AQwxGskDlM7,Greenleaf,modern blues rock,58303,35
3c7hgCjTsDwzaKq0E37EmF,Unida,palm desert scene,20612,13
1m0B9ak05G0jqDY4ACLhQu,DOWN,alternative metal,400457,42
6WMKYsHNohUhz4Slk7EvUH,Brutus,belgian indie rock,95806,39
4NpFxQe2UvRCAjto3JqlSl,Greta Van Fleet,modern blues rock,2575432,64
57VFYrmiB0eCM2qXZmV96N,Dozer,sludge metal,59416,38
161AC1AVRkIGIMxyj5djFQ,Clutch,funk metal,554707,51
5UzFfn3lNMWSm4PHCzBDi8,Colour Haze,german stoner rock,93730,29
4hvwEwrCmGj22uURGVET7Q,Monster Magnet,southern metal,233060,43
40dMfiJSBmkMQbf5HNA2nE,Cowboys & Aliens,contemporary country,4271679,71
5L1rOWU3saDGam8QkWPDqO,Electric Mary,deep melodic hard rock,27892,35
7sOR7gk6XUlGnxj3p9F54k,half•alive,alt z,693398,54
14c4jf0F0bJkpR1WumvNXG,Voodoo Six,deep melodic hard rock,8871,8
5X1eZAEqHcO5lYy7tgjw5h,Truckfighters,instrumental stoner rock,130207,34
4Mt6w4tDGiPgV5q6JWPlrI,Sleep,prog metal,1233549,72
0PK6ewFU4DbFB8Eqr58Sct,Acid King,doom metal,94637,32
7kLbjzLVDQ8Gve5cKwHROO,Sweaty Palms,glasgow indie,2102,3
6ekYAO2D1JkI58CF4uRRqw,Tigercub,brighton indie,53001,38
5HUFo8AH9ZILmlyKFfEMNP,Jerry Cantrell,alternative metal,298809,38
5LfGQac0EIXyAN8aUwmNAQ,The Offspring,alternative metal,5528560,74
7oPftvlwr6VrsViSDV7fJY,Green Day,modern rock,14849504,77
4KWTAlx2RvbpseOGMEmROg,R.E.M.,alternative rock,4493236,70
6gZq1Q6bdOxsUPUG1TaFbF,Godsmack,alternative metal,3209670,65
0AI2um3PpFgOj7Yzmk2Xu0,Dead Meadow,modern blues rock,86664,31
1TAcaMoUlvLpTUzh18TzDY,Causa Sui,danish alternative rock,50283,27
692VvGTch5OLXj4zEE6H3y,Radio Moscow,modern blues rock,160432,35
0fzNPG0f9ueJDF4t0P4N23,Glowsun,french stoner rock,12638,11
3IOQb4Rr7w1LuESgHnZYjm,Spaceslug,polish psychedelia,31660,29
4TnftWQx6fF7k4Nviu7Nn6,The Atomic Bitchwax,stoner metal,55192,26
1BBIIH0h76KN8gYeXFcPjR,Corrosion Of Conformity,alternative metal,297606,43
6wE3e84Zg41JF04Z39i5wv,Windhand,doom metal,99293,32
04JIxSs2P0iteVWtaskfeh,Sports Team,crank wave,80949,32
7kqPysY88dtq0TF7yO134f,Treeboy & Arc,crank wave,3983,16
4p04Fd1amkiGeeCGyXt7vV,Jaded Sun,deep melodic hard rock,2544,4
4WVIqFHJpDNINSp0rtAmG8,Freedom Hawk,alternative roots rock,19454,21
4Cym4Hrc1wHY99UqoVQ8zZ,electric citizen,gaian doom,21207,17
0giNJusra3rJ7fNjvjbjQ9,Red Desert,psychedelic doom,13411,20
4sgZ0Kad8DGhIP422wLArV,Somali Yacht Club,instrumental stoner rock,53381,26
4iudEcmuPlYNdbP3e1bdn1,Silverchair,alternative metal,1239146,54
0X380XXQSNBYuleKzav5UO,Nine Inch Nails,alternative metal,2580827,63
5ypxebeHEIXjMtJb17uJlI,Jet,garage rock,583629,59
7AQzXO3NPNQsI7oNu5rC3r,Marcy Playground,alternative metal,427169,52
3jOstUTkEu2JkjvRdBA5Gu,Weezer,alternative rock,3525447,71
02NfyD6AlLA12crYzw5YcR,Jane's Addiction,alternative metal,1407032,51
3Ukr3Ufjg8ygRJv7Ww887f,Screaming Trees,alternative rock,325621,41
3R6c2tWDBeYB1GncjLMn9n,Candlebox,alternative metal,876661,50
6uNOBEATMcW8SSunnKy9a3,Witch,,226215,52
10do1FRShQdKPJ4RuIY4LX,Snowy Dunes,psychedelic doom,5767,11
09kNJ3LqHcfQZO5qixfmft,35007,dutch stoner rock,20294,20
41Q0HrwWBtuUkJc7C1Rp6K,311,alternative metal,1035451,60
1687IqXRdWmbRshgn194tT,Elder,boston metal,138984,35
5QUsinW1AjeDsT6tQdeTb0,Wo Fat,psychedelic doom,33749,20
17XEg2hdvpHYNm9iSC5VOH,Mothership,instrumental stoner rock,29812,28
2S5hlvw4CMtMGswFtfdK15,Royal Blood,brighton indie,1618575,60
7mnBLXK823vNxN3UWB7Gfz,The Black Keys,alternative rock,3957973,71
3T55D3LMiygE9eSKFpiAye,Badflower,modern alternative rock,317658,49
4FZ3j1oH43e7cukCALsCwf,Jack White,alternative rock,1323998,52
356c8AN5YWKvz86B4Sb1yf,Rival Sons,alternative roots rock,436273,49
02uYdhMhCgdB49hZlYRm9o,Eagles Of Death Metal,alternative rock,539099,50
4wo1267SJuUfHgasdlfNfc,The Raconteurs,alternative rock,894136,53
4F84IBURUo98rz4r61KF70,The White Stripes,alternative rock,3100060,69
16GcWuvvybAoaHr0NqT8Eh,Alabama Shakes,alabama indie,1623465,57
6VTvaLJ9arNmKi8e1ekOwW,cleopatrick,modern alternative rock,206346,46
0hLLs7dOw0Z1XBFFrLSDln,The Cold Stares,modern blues rock,39317,40
1tPw1T8FYkf9GoxQeTzIgU,Horisont,retro metal,32292,21
2mncWLPUUFpNvBLkHzTsDO,Tad,grunge,59231,28
1oywBXuZm8zmSivAC2rV0J,Red Dragon Cartel,vegas indie,9510,10
28PghHr3IinqOHLM6bz1uV,Riverdogs,,4254,9
2YFKPea38AMhGqGSqkFF1Q,Kingdom Come,,906,19
79z0Z8E5uY2Fc7HO4VGerm,Elephant Tree,psychedelic doom,35101,28
3nutnJ57QnbWEdCWn2EyWo,Orange Goblin,stoner metal,134725,34
2d06W6CY8NotPTPdIAgVoe,Yawning Man,instrumental rock,36504,29
2KCB7rHKJ04E2WprsXHGU4,The Donkeys,alternative roots rock,23766,29
2pAajGWerK3ghwToNWFENS,Puscifer,alternative metal,645955,52
4pbsBw8h3iXsYG55kF2Srq,Feersum Ennjin,progressive alternative,2429,4
77T6yi3a2O2LECzwWeTPY2,Lesser Key,progressive alternative,4960,7
0v55V86JsnB0FjvSlfkHzW,Counterfist,progressive alternative,2304,5
3grvcGPaLhfrD5CYsecr4j,Failure,spacegrunge,115539,40
3TOqt5oJwL9BE2NG9MEwDa,Disturbed,alternative metal,6597726,74
14pVkFUHDL207LzLHtSA18,Pantera,alternative metal,4968407,66
3OX4skiU9o7fxdi5Li7k5l,Valley of the Sun,psychedelic doom,38301,34
0gcOqdSb6A1JxpsmFjD3ec,Mos Generator,psychedelic doom,12051,21
2xdR2Stqa1oEu4lv7p9lXN,Rainbows Are Free,heavy psych,8438,18
2xaAOVImG2O6lURwqperlD,Catfish and the Bottlemen,modern alternative rock,1069740,61
66YGDwn22fjphzqGCSIbbK,Reignwolf,modern alternative rock,192120,48
6ZHW8DJBqADoSiSdraUhjf,Corrosian Of Conformity,,157,2
5vbtZfRJjn2QLhPhtYpiqi,Daron Malakian and Scars On Broadway,,219084,48
2Pfv2w8a20xzC7Dr7QXRqM,Mudvayne,alternative metal,1843426,57
4IR8ZkpbyyKrqsIzchF3NB,Crossfade,alternative metal,893281,56
0RqtSIYZmd4fiBKVFqyIqD,Thirty Seconds To Mars,modern rock,3468124,67
1BpfFZrBQfuvEvutxLqaCx,Odayin,,31,0
7o6cOczXTB8ioTAAJTbESf,Jinjer,slayer,649810,51
3vDpQbGnzRbRVirXlfQagB,Sturgill Simpson,alternative americana,854519,62
4DWX7u8BV0vZIQSpJQQDWU,Alter Bridge,alternative metal,1123295,57
5v6wlK6GCKVovWMbPqSHNy,Fireflight,christian alternative rock,284701,40
0sPa3yPonEuDbDhBzz7g4E,Skin Yard,grunge,32297,23
711MCceyCBcFnzjGY4Q7Un,AC/DC,australian rock,28336430,79
0epOFNiUfyON9EYx7Tpr6V,The Strokes,alternative rock,5631946,74
0XNa1vTidXlvJ2gHSsRi4A,Franz Ferdinand,alternative rock,2606102,64
6B5c4sch27tWHAGdarpPaW,Seether,alternative metal,3375567,66
5t28BP42x2axFnqOOMg3CM,Five Finger Death Punch,alternative metal,6320316,71
0nmQIMXWTXfhgOBdNzhGOs,Avenged Sevenfold,alternative metal,7203850,73
5KDIH2gF0VpelTqyQS7udb,Staind,alternative metal,2511587,62
2yEwvVSSSUkcLeSTNyHKh8,TOOL,alternative metal,3653521,67
64tT0KKbU4AFWkO6v1VvXv,Bleeker,canadian rock,37321,39
71NBOcJ9lMeXqnbnya1z0x,HIMALAYAS,modern alternative rock,52607,47
40N10exWtaCVUtBMftQn3t,The Stone Foxes,alternative roots rock,63553,41
6IOvhXyk5edbA2DVaeP9Up,Dorothy,modern alternative rock,356661,52
2kO6mP0olFJGGh6kvUdNC8,Des Rocs,modern alternative rock,194353,51
4ZgQDCtRqZlhLswVS6MHN4,grandson,modern alternative rock,1142201,62
18H0sAptzdwid08XGg1Lcj,Death From Above 1979,canadian rock,287297,44
3uhfMjcE5HJqMIWh3Iolw0,The Pale White,english indie rock,49839,31
01aC2ikO4Xgb2LUpf9JfKp,Gary Clark Jr.,electric blues,921757,54
2TgTMg8jrIQjJ3uWkLw93J,The Steepwater Band,modern blues rock,28357,22
12Chz98pHFMPJEknJQMWvI,Muse,alternative rock,7762575,72
1NsvfeRzexfHjhUGqWrULl,Deap Vally,garage rock,86016,31
1UdQqCUR7RwB9YYJONwbdM,Trapt,alternative metal,1092737,55
05fG473iIaoy82BF1aGhL8,Slipknot,alternative metal,11079123,76
2VYQTNDsvvKN9wmU5W7xpj,Marilyn Manson,alternative metal,4308803,67
0L5fC7Ogm2YwgqVCRcF1bT,Volbeat,danish metal,2491596,67
1pBsvSnrhmgDZqisT13SFA,Agent Orange,hardcore punk,184812,43
0GDGKpJFhVpcjIGF8N6Ewt,Gojira,alternative metal,1334764,60
2xiIXseIJcq3nG7C8fHeBj,Three Days Grace,alternative metal,6052851,72
5VPCIIfZPK8KPsgz4jmOEC,The Blue Stones,modern alternative rock,202574,49
5krkohEVJYw0qoB5VWwxaC,The Black Crowes,album rock,759780,58
7j5ZOhQO61HXl12ZjVWCt8,Woodhawk,canadian stoner rock,2897,4
34c4iQ5tkaZKu6Sv28BTde,Danzig,alternative metal,921442,55
1Dvfqq39HxvCJ3GvfeIFuT,Mastodon,alternative metal,901240,54
0nsphA9KDqbJ64duYRoEBi,Earthless,instrumental rock,90687,30
26T3LtbuGT1Fu9m0eRq5X3,Cage The Elephant,modern alternative rock,3698280,73
1Yox196W7bzVNZI7RBaPnf,Megadeth,alternative metal,5282623,67
4rfE3kN2zKNC9L9tt3iVOg,Ron Gallo,garage rock,77954,42
2q1a1UBuTh6weuuYsS4ibO,Band of Coyotes,sacramento indie,960,1
3eFw5rF6Et2nF4JrDsvAUp,Wolves Committee,,6,0
3lDpdwM8KILepMHqBWUhIA,The Struts,glam rock,385285,56
1tpXaFf2F55E7kVJON4j4G,Black Rebel Motorcycle Club,alternative rock,552538,48
70BYFdaZbEKbeauJ670ysI,Shinedown,alternative metal,4060060,68
4DToQR3aKrHQSSRzSz8Nzt,The Hives,alternative rock,807475,56
0XBRd3N11rCbh0s8qHf41m,Dirty Honey,modern hard rock,152415,42
4MQsNhP9u10g1xuxaJBF0S,Dinosaur Pile-Up,british alternative rock,89205,38
6aVjo0xHSiuW5hkasoYSR3,Melvins,alternative metal,391618,46
2AM4ilv6UzW0uMRuqKtDgN,ZZ Top,album rock,4320728,68
1Qp56T7n950O3EGMsSl81D,Ghost,hard rock,3097057,70
01WjpKiWVNurV5hjIadB8C,Filter,alternative metal,531680,50
4ddt8PPvmWrI9mJQy1VrIG,Band Of Skulls,garage rock,257147,43
4lypnrJxM8l7ZLtLVucEvk,Nightstalker,,496,4
5q35XlMsagTXv2R48zJkkn,Dommengang,heavy psych,3295,10
7guDJrEfX3qb6FEbdPA5qi,Stevie Wonder,motown,6410750,72
5BYuBzqmTXwUDw2rYkwExr,The Kills,alternative dance,672469,47
3utxjLheHaVEd9bPjQRsy8,Coheed and Cambria,modern alternative rock,666636,56
2RhgnQNC74QoBlaUvT4MEe,The Growlers,garage rock revival,624633,56
5QXLMdpKeByOo5ypH9gT13,Fantastic Negrito,bay area indie,181511,39
5E2rtn57BM2WPjwak4kGd5,At the Drive-In,dance-punk,326507,42
1PsekuzYpmAYtFVCUSIUL1,Like Machines,,3463,13
697of2Gitrw0anQy4eewrG,Purple Corporation,,176,0
3vAaWhdBR38Q02ohXqaNHT,The All-American Rejects,alternative metal,2618442,64
2bcrMsFlF632EQ6VZERWFu,The Bravery,dance-punk,254557,47
4vIQLq68LtKcCjdvhobTYl,Good Tiger,djent,60138,35
06D0YfeNZgBA7XWQ79Y42R,King Buffalo,instrumental stoner rock,69794,37
1rT2DYzj3q6QnrxaqF4jnN,Fangclub,grunge revival,23410,30
0xNLz0GXRQYhlXYJW505Pr,Age of Days,gymcore,6115,24
4UXqAaa6dQYAk18Lv7PEgX,Fall Out Boy,emo,10584839,76
3QgSmABpItIdj908ek80n5,Morphine,boston rock,340995,46
6yeRY2d7gubXoymv3DAYhS,Fire From The Gods,austin metal,180775,48
1caBfBEapzw8z2Qz9q0OaQ,Asking Alexandria,alternative metal,2161202,62
0fDF0jjmdouCIeWhNnblwV,Buckethead,funk metal,399400,47
7JOVLhHfaC3ghz7DpjRPaw,The Epic,,29,0
6fvN9GmMCVKb5LY0WsnjFP,Nazareth,album rock,1454120,56
6dgwEwnK0YtDfS9XhRwBTG,Broken Bells,chamber pop,601531,52
6wWVKhxIU2cEi0K81v7HvP,Rammstein,german metal,9622214,77
2sil8z5kiy4r76CRTXxBCA,The Goo Goo Dolls,neo mellow,2764196,69
1ddbFlSqbqp2vuJd5CuRcE,Jello Biafra,hardcore punk,58519,27
1PEYH4hqPi7Wqa4qNV4184,John The Conqueror,modern blues,12315,31
0MAvx5yzdhylg2ztJC3MD3,Robin Trower,blues rock,246860,44
4salDzkGmfycRqNUbyBphh,Styx,album rock,1953143,58
1NyswKLrbbWby73lOfJRZH,Turbowolf,bristol indie,45604,34
3fe36ZJP5Og68Ji1VUMLgE,Nebula,palm desert scene,51696,29
7M1FPw29m5FbicYzS2xdpi,King Crimson,art rock,1146384,52
3u1ulLq00Y3bfmq9FfjsPu,Ween,alternative rock,428567,54
3HVmba1wHgrLVsVC5IIzkG,Witchcraft,doom metal,137060,38
4dwdTW1Lfiq0cM8nBAqIIz,Of Monsters and Men,folk-pop,3479815,65
18absyD7lQaXUDBXnyzU8M,Mushroomhead,alternative metal,758056,47
6lujlDralLKjipDYVMuWVI,Holy Roller Baby,,3005,19
6I96egIonnFBY26MprKYKb,Masters Of Reality,palm desert scene,47684,34
3ngp50aTjjAfj6TmnYDn77,Planet Sun,umea indie,770,4
0blJzvevdXrp21YeI2vbco,Type O Negative,alternative metal,1147197,60
6biWAmrHyiMkX49LkycGqQ,Thin Lizzy,album rock,1248820,58
3XR64HmFo4OvexUUNW7TP0,Mother Love Bone,alternative rock,348672,40
1lZvg4fNAqHoj6I9N8naBM,The Presidents Of The United States Of America,alternative rock,621439,56
2QMMktUMtwMSwUZATX1cRO,Toadies,alternative rock,299213,46
49e2koYkOYNPytDt7J3rF7,Fuzzcrafter,,674,1
6ra4GIOgCZQZMOaUECftGN,Frank Zappa,art rock,929671,53
776Uo845nYHJpNaStv1Ds4,Jimi Hendrix,acid rock,6663147,67
0aFEUIky0KBHeZMdTbaTwX,Moving Atlas,progressive alternative,2107,4
3G3Gdm0ZRAOxLrbyjfhii5,my bloody valentine,alternative rock,922639,54
6yR8Nf8o56ZZR070jTti83,Witchrider,austrian stoner rock,14000,20
3Ig1cmnFAUxpTEYVjTRkLo,Tyler Bryant & the Shakedown,modern blues rock,93214,38
16nn7kCHPWIB6uK09GQCNI,Social Distortion,punk,634415,53
6xTk3EK5T9UzudENVvu9YB,Rancid,punk,872514,56
5NXHXK6hOCotCF8lvGM1I0,Porcupine Tree,progressive metal,686890,51
1wUArE0NhHB8M1bU2WSplY,Nevermore,groove metal,129066,35
3Q2aDOByhFp4efTBsjMgJJ,Oddplay,,1362,10
0ZLn6WYA1y4XYA9Sf0qOfi,Vista Chino,palm desert scene,21872,21
2OgUPVlWYgGBGMefZgGvCO,Queensrÿche,album rock,662009,51
2xODNufQxAtc0gmDIhsjkg,GAUPA,dalarna indie,35896,30
7x5rK9BClDQ8wmCkYAGsQp,Paolo Nutini,british soul,1398863,63
415JrPfN7ukaTu8JV8BLE8,Local H,grunge,219397,46
42RbQv212uOjyfIXECLKfR,Budgie,proto-metal,63699,31
4T5R55g1hbK1uneOZ0L2XJ,The Devil and the Almighty Blues,modern blues rock,47863,24
3KY6i8EJac9URU9OeC1n89,Church of the Cosmic Skull,nottingham indie,45143,25
1X88xrhEvsoUjJ6EUHwiWF,Fuzz,garage rock,107931,33
4pnCRQ0euxWLaJ1wBPb2ej,Bill Fisher,,3443,20
0j8wt8rqBmGLbLSCgs1yNB,Godsleep,greek metal,4166,15
6waa8mKu91GjzD4NlONlNJ,The Hollies,album rock,1177429,61
2o18h28enlHxj887tATc58,HammerFall,gothenburg metal,636036,53
1DFr97A9HnbV3SKTJFu62M,Motörhead,alternative metal,3972185,62
4IliztYDlfMvzQzbx50o60,Flyleaf,alternative metal,1230911,59
3Kzo2BzQIPQW0397gx9rRp,Orions Belte,bergen indie,57049,38
4q0H9iqwLYvxxMkIw54AkL,The Panic Channel,,4459,9
0hU5urLse5h1Z0b4zQkovL,Graveyard,modern blues rock,200536,42
2yDodJUwXfdHzg4crwslUp,Allah-Las,indie surf,291678,51
2O2KJngZ80ZTK71HamDNYi,Divino Niño,indie shoegaze,34454,33
22WZ7M8sxp5THdruNY3gXt,The Doors,acid rock,7823101,70
40sQBIpuOUdXrZ8EZNbiif,Holy Monitor,greek indie rock,2008,2
0x9HCT7ZZlOEfLSVCDi5SO,SLIFT,french garage rock,65677,31
0nhDd1RWjZ6SDV1Vg1Ku2Q,Corey Taylor,alternative metal,585955,53
7mRVAzlt1fAAR9Cut6Rq8c,Dave Grohl,alternative rock,234371,39
4STHEaNw4mPZ2tzheohgXB,Paul McCartney,classic rock,4744929,68
5m8H6zSadhu1j9Yi04VLqD,Sly & The Family Stone,classic soul,1009668,54
5Hr53UjzhLt2qU7XL7OFh8,John Garcia,palm desert scene,30223,26
4Eqd24yS5YcxI8b6Xfuwr8,Eve 6,alternative metal,437669,49
4hCgC4FnYZLBgQPUMLOoiI,OM,otacore,468023,44
3WrFJ7ztbogyGnTHbHJFl2,The Beatles,british invasion,27376361,82
5eKLa1xyHLq8ERWmT1CRHj,The Crystal Method,big beat,309996,45
4kSGbjWGxTchKpIxXPJv0B,Crumb,neo-psychedelic,550942,59
21hdghvIzrFl4XsvhXTJKP,The Crypt,,135,3
32R6YbLokiJpZpvFX9Ewo9,Infectious Grooves,funk metal,150963,33
5w4idkfqBv56aZsoXgKjQg,Sasquatch,alternative roots rock,32672,22
4MfQTKjLQSOdiYCiYGGg11,Tad Morose,neo-trad metal,12405,14
0bbvGPgU1zw9zpJB4GEAhI,Lost Tapes of the 27 Club,sad rap,17616,34
2Hkut4rAAyrQxRdof7FVJq,Rush,album rock,2287681,62
2MIoyDjdxCUdnV59UqbJGk,Green Lung,psychedelic doom,51496,35
4uYwLU7k03RCQSRXGtQGg0,Orgy,alternative metal,339234,45
3LkSiHbjqOHCKCqBfEZOTv,Atreyu,alternative metal,940775,55
4QQgXkCYTt3BlENzhyNETg,"Earth, Wind & Fire",disco,4238721,71
6Uhp7WA6sjm5ZL6Xz561de,Living Colour,funk metal,390085,50
03u8GNyd701MXQgN2avCjH,Black Elephant,italian stoner rock,7075,17
0aYY5NNI8EKnvLckbACC8x,Brad,contemporary country,2760308,62
3NZE8jDD2cCzd4vUyZ5CQQ,Spacehog,glam rock,132902,46
6zmty2QmVEWicClGSxF10d,Sundrifter,psychedelic doom,2650,10
1Jcj10FRUw7387aWPgsKmX,Godsground,german stoner rock,565,0
0p0bJVJ56ozF6Ejhkdymcf,Kal-El,norwegian doom metal,11790,25
6XIJivrO9KEaxh6bKai91s,Psychlona,psychedelic doom,8618,17
6lhyDLcw88bK0o7bW5tpgQ,Send No Flowers,,7,0
2Nu8FrVPzofXttGY46ndoX,Parasol Caravan,austrian stoner rock,1892,3
3w64Esu3NSQBk7ezSbNZ1g,Red Giant,retro metal,3965,4
29xpUzbL2gwBW0VuHU26G8,Deville,swedish hard rock,10298,22
3PasuDKJ3UrBlLly6Lih4V,Bombus,gothenburg metal,12663,19
4myTiBW8eyqI1UxY0I1Fwr,Duell,fort worth indie,290,3
3RyZc6fjFHjg4Zh1e3BmEg,Lo-Pan,psychedelic doom,5681,12
4rYgFxIWeIo5VXZRUvwm1w,Ink,,6091,65
2ypsvRbnChNLPoMOEuZnuH,Half Gramme of Soma,greek metal,1740,8
1oxVf6OeX1x5R9VxuHZmFG,Planet of Zeus,greek metal,40365,35
1CIylbRdvO5upYoRoy55Hh,Throttlerod,hard stoner rock,2912,5
1CGQo448bLgj2ZxJCZpoNz,Tracer,deep melodic hard rock,4603,7
3Hf2BXqtnTNw8NM6oe8TqQ,The Age of Truth,psychedelic doom,1900,4
6tyOQabtETKUBz45mmu3xr,Puta Volcano,greek metal,7372,15
5ujmjNmUSBQleVXLTmPqkb,Skraeckoedlan,retro metal,25118,29
0EgfWipajxSrnSlC44p6wr,Spice and the RJ Band,,352,0
5M5tHP0quatNiMXpigYMzL,El Caco,norwegian rock,9965,16
3WPKDlucMsXH6FC1XaclZC,Suicidal Tendencies,alternative metal,717863,52
3n5jeTRWZEbTPJWyHSYUqn,Acid Bath,louisiana metal,195787,46
0zfT626RwO6zN3RDYeRit5,Black Label Society,alternative metal,1662057,56
7v8z2tU5VKgOTbFuzLYQHq,Dendrites,greek psychedelic rock,896,4
1tMtHqVsdmW0Yj9f4YnnHq,Karma To Burn,instrumental rock,51663,30
3M5mGP5MwwuD4JPRbE09Ai,Only Living Witness,boston hardcore,4393,11
0mHrW5nktwWjxgaL8FTFXb,Los Natas,argentine rock,26410,25
6sKLLGj7SqbP2qDBdEOoZ6,Martina Topley-Bird,solo wave,79418,47
0lmPazVDvsQ8FXDcBfKc6r,The Twilight Singers,new orleans indie,25045,23
1fpXM23IoNckJ7NDAm8YJQ,Mark Lanegan,acoustic rock,259128,45
1cXi8ALPQCBHZbf0EgP4Ey,Misfits,horror punk,1354308,61
5Pl6l5ZS7eSQhcfH93grw4,The Bastard Suns,celtic punk,10839,27
0REMf7H0VP6DwfZ9MbuWph,10 Years,alternative metal,656985,55
4dr588YumnHS2BIa7QOZI8,The Devils,,4137,15
5w09r1HW3Dc8BMYIvqbnnF,Mark Morton,modern hard rock,52529,34
0wiOsg4kFlIcfQmcKlq13r,Dr. Colossus,australian metal,7776,16
2mkGbwg4uYaUlmQDZpga27,Stöner,stoner metal,13860,23
2DaxqgrOhkeH0fpeiQq2f4,Oasis,beatlesque,9908490,74
6uejjWIOshliv2Ho0OJAQN,Devin Townsend,canadian metal,224253,41
5UdQDFQ3wgUPuL5kiL7KqU,Frankie and the Witch Fingers,neo-psychedelic,48777,35
4KJjihrZR0XfiOPB0MdMVz,Stone,alternative metal,3474555,64
7jxJ25p0pPjk0MStloN6o6,Blind Guardian,fantasy metal,717167,52
7kcgO0DTza7One0HqXRIH7,Knapsack,future bass,14692,31
5RsGTkPrSGRTERy7ZPONB0,Sun Crow,,2204,3
7AC976RDJzL2asmZuz7qil,Yes,album rock,1881497,57
2cnMpRsOVqtPMfq7YiFE6K,Van Halen,album rock,5968742,69
34jw2BbxjoYalTp8cJFCPv,Heart,album rock,2558581,65
0GByy3DcfbQwDvXGCWmzv9,Pretenders,album rock,1499123,59
2m62cc253Xvd9qYQ8d2X3d,The Alan Parsons Project,album rock,1469135,60
2yUsje7CszKGu4g1f4ih3b,The Claypool Lennon Delirium,beatlesque,148696,32
3JaAGmSTpJK35DqWrDUzBz,Sweet,album rock,458061,53
3JysSUOyfVs1UQ0UaESheP,Anthrax,alternative metal,1651242,52
267VY6GX5LyU5c9M85ECZQ,Dinosaur Jr.,alternative rock,529799,48
0oSGxfWSnnOXhD2fKuz2Gy,David Bowie,art rock,10395705,74
07D1Bjaof0NFlU32KXiqUP,Lucy Dacus,indie pop,497516,66
3UbyYnvNIT5DFXU4WgiGpP,Whitesnake,album rock,2940026,60
19I4tYiChJoxEO5EuviXpz,AFI,alternative metal,904763,58
6LG6fIvh2XpjqHUuR7NRtt,Texas Hippie Coalition,groove metal,214375,40
6BMhCQJYHxxKAeqYS1p5rY,Hinder,alternative metal,1869053,58
1CS29hceaeGtjPiXsTTpoB,Heaters,grand rapids indie,9821,18
5INjqkS1o8h1imAzPqGZBb,Tame Impala,australian psych,7745093,78
1kcWyDvrlPUbyxkIoM6pAV,Rory Gallagher,blues rock,440702,47
0hrb5WRiNlj8vh3WnCgXFq,Kikagaku Moyo,instrumental stoner rock,263049,41
0PGODrsM5deGDeEWd77qjk,Mr. Elevator,neo-psychedelic,7722,25
7FKTg75ADVMZgY3P9ZMRtH,flipturn,jacksonville indie,170411,55
58XGUNsRNu3cVOIOYk5chx,Ty Segall,bay area indie,321468,44
08GQAI4eElDnROBrJRGE0X,Fleetwood Mac,album rock,11428639,79
7GRrLcUxwtQLvOpO7OHO80,Psychedelic Porn Crumpets,australian garage punk,297945,47
6Nwhmo3adbTqPMCsgBgkf4,Slothrust,bubblegrunge,85169,39
1fBCIkoPOPCDLUxGuWNvyo,Poison,album rock,3215242,60
3qYfqdVwX0fil71onLpLkh,Thee Oh Sees,bay area indie,303533,45
1yhtlCNnRgCNGnsy2K7mHm,JEFF The Brotherhood,,40237,25
62cvIQKyg3aHsHNgPxzGPT,Desert Sessions,palm desert scene,162590,37
7Cr6j2JtQEBSoSGixylfcv,Peach gb,alternative metal,12773,17
75U40yZLLPglFgXbDVnmVs,The Mars Volta,el paso indie,654792,47
2IArtik8fqduaGHITn0lu6,Samantha Henson,,333,2
6S58b0fr8TkWrEHOH4tRVu,Switchfoot,ccm,686816,56
5J81VungUjSVHxlPpTI9KG,Mild High Club,indie garage rock,559433,57
2mVVjNmdjXZZDvhgQWiakk,Khruangbin,indie soul,1799308,70
2qnpHrOzdmOo1S4ox3j17x,Turnstile,hardcore punk,532550,57
6liAMWkVf5LH7YR9yfFy1Y,Portishead,alternative rock,1998439,60
2X3pNc13eRGofTO9Yt3sMi,Fishbone,funk metal,116706,34
27T030eWyCQRmDyuvr1kxY,Scorpions,album rock,7084285,69
3z3lEz2qH5h6qJa8DYukxY,Man Or Astro-Man?,alabama indie,40872,25
3up7wqUGMUTm0184V57RTH,Probot,supergroup,50159,32
7gYQ4PXtY79IzrD2WHxJ0d,Crystal Fairy,el paso indie,15923,10
20sWZcEcz8FNoLZVgNNyMx,Wet Cactus,indie cantabria,11023,19
4NjUYhiL8KL363WwGeLnqZ,ANTEMASQUE,el paso indie,53756,20
29Ycxh689kUflTJhpxu2Nh,Oysterhead,jam band,71359,24
1oM1vgebNTCZmVYwC3YYl8,Les Claypool,funk metal,214390,37
3Bqor3J1L0AYItZqHYZR5N,Petyr,heavy psych,6053,10
25wPWNzAE8Jn8N3LEvkxAG,Odd Loves To Dance,,69,0
7qAcXJgt1PWnxwUgxMdyuk,Sick Puppies,alternative metal,892514,53
0Ynh5WKqwbdYqJUpVpfEGS,Osees,neo-psychedelic,43493,39
7FBcuc1gsnv6Y1nwFtNRCb,My Chemical Romance,emo,8475821,74
35Uu85Pq33mK8x1jYqsHY2,Sevendust,alternative metal,1105099,51
7IGcjaMGAtsvKBLQX26W4i,The Dillinger Escape Plan,american metalcore,250800,41
55fw5yUdAl4RNaSN0BeqxV,Mars Water,popgaze,7894,14
0rH93aHDYyJfMAcPB9OKus,The Murlocs,australian garage punk,113264,40
1iYDBcGNQxjwMivsLeg5vC,Rickshaw Billie's Burger Patrol,austin rock,11544,35
3inCNiUr4R6XQ3W43s9Aqi,Pavement,alternative rock,612016,58
3kVUvbeRdcrqQ3oHk5hPdx,GROUPLOVE,indie rock,1169741,63
4j56EQDQu5XnL7R3E9iFJT,Young the Giant,indietronica,1563943,64
1OHNvr18TssBKYK0A75yvx,Masterplan,german metal,107211,43
5tFRohaO5yEsuJxmMnlCO9,Barns Courtney,modern alternative rock,548022,59
1FWybrAwiSa0zKibdLfZZr,Blue Foundation,dream pop,136107,49
6WMo39FU3nrpSz3qMgRKug,Black Stone Cherry,alternative metal,583506,51
6SLAMfhOi7UJI0fMztaK0m,Rainbow,pov: indie,1129643,69
2HlgRiOR33BVVE9hdEftxg,Jackie Venson,austin singer-songwriter,59320,35
1btWGBz4Uu1HozTwb2Lm8A,Hippo Campus,modern rock,629272,56
3oK9o2DLbk1VEda7KOMotd,The Lagoons,la indie,44967,44
5dFUTy118iDraWRyIpaXTm,Nolan Potter,austin rock,2287,18
7d10VF1J4LqW7vrpPOngzm,Larkin Poe,modern blues,241881,43
4kI8Ie27vjvonwaB2ePh8T,Portugal. The Man,indie rock,1435749,64
77oD8X9qLXZhpbCjv53l5n,Mercury Rev,alternative rock,121407,38
0PkYsKKstxYMM4DAxn34Ig,Nolan Potter's Nightmare Band,austin rock,5377,15
4UDV6e9Xh5m3yQeGsrnWLP,Garcia Peoples,neo-psychedelic,6436,6
6Bz2ZeTKI0cyJwt7tBKoUU,We Hunt Buffalo,canadian stoner rock,16454,23
6J7biCazzYhU3gM9j1wfid,Jamiroquai,dance pop,2378065,65
2e5y5Gs5lgnDmiY4TKLsq3,Neal Francis,pop soul,40258,36
33k87s1ygOjp63NZpTpr2Q,The Dog And Everything,,550,3
4skJp5OKvcc9eKokiuhi2s,Pond,neo-psychedelic,329360,44
6ltzsmQQbmdoHHbLZ4ZN25,Lord Huron,indie folk,1572716,73
0UBICKZczric4iHgQqDZ3J,TheAliveMusic,,71,26
0VNWuGf8SMVU2AerpdhMbP,The Black Angels,garage rock,265219,42
57ylwQTnFnIhJh4nu4rxCs,In Flames,alternative metal,1170153,61
75eraSeadYDXU4zyzDxglZ,Big Sugar,canadian rock,86702,35
7ijkc3O3uxDdAmSuQUg2f2,The Aubreys,,194536,34
70ZTdbPEcEugBNay4MvxfL,Bread,folk rock,1669384,63
1CD77o9fbdyQFrHnUPUEsF,Traffic,blues rock,596783,45
3NqV2DJoAWsjl787bWaHW7,Amyl and The Sniffers,australian garage punk,297129,49
43O3c6wewpzPKwVaGEEtBM,My Morning Jacket,chamber pop,544669,49
7MoIc5s9KXolCBH1fy9kkw,Japanese Breakfast,art pop,698459,53
3iqOjs2iwL6ywtcENg1ppm,Acid Dad,neo-psychedelic,24273,24
0tMnuEXTeJeHbslcV8OybJ,Drugdealer,indie garage rock,145445,49
5gspAQIAH8nJUrMYgXjCJ2,Kurt Vile,art pop,511134,51
0K1q0nXQ8is36PzOKAMbNe,Spoon,alternative rock,645160,55
6Bgd1CCQAWWqGbkmJsivLv,Chroma Key,progressive metal,25263,22
2ynylCO9SRPTKjgNEH0Y2a,Angel Du$t,dreamo,59992,38
57JelvPHs2P6BROjeHhHZ3,Ultra Q,oakland indie,18764,30
5rebfYbZVIhbRVcRKWVOAh,HUNNY,indie pop,259126,45
1nVq0hKIVReeaiB3xJgKf0,Molchat Doma,belarusian indie,1246332,59
67WNUxmM7y4WzHPAVzBu3E,The Regrettes,indie pop,276758,43
07Asx51VtMw5kbNXKrpZlq,BabyJake,singer-songwriter pop,61036,49
4oV5EVJ0XFWsJKoOvdRPvl,Guided By Voices,alternative pop,174692,46
0LsTFjEB1IIrh7IlTxs1GY,Phantom Planet,,93767,45
0YrtvWJMgSdVrk3SfNjTbx,Death Cab for Cutie,alternative rock,1511597,60
4VIQa9l1HW6VPhR9IdJS8C,L.A. WITCH,la indie,46698,25
69tiO1fG8VWduDl3ji2qhI,Mt. Joy,pov: indie,496234,67
3bUwxJgNakzYKkqAVgZLlh,Travis,rap,29496986,90
4cnFw4bkIWVGKUBsr93OS5,Stephen Day,pop soul,74201,48
4UVlSeEFDPmlkYKaRMRoOz,The Garden,art punk,493071,53
5JUGL6ec4eULQ5eVEbOC7e,Pretty Sick,lo-fi indie,100880,42
1yI0RRPnOA9BFJmiZ6cEzw,Lowertown,lo-fi indie,67482,38
4L1z1IcfK7lbqx8izGHaw5,Juice Newton,classic country pop,236411,50
2x9SpqnPi8rlE9pjHBwmSC,Talking Heads,alternative rock,2433846,66
5p9HO3XC5P3BLxJs5Mtrhm,Djo,pov: indie,1340780,77
4hz8tIajF2INpgM0qzPJz2,Rainbow Kitten Surprise,pov: indie,1129643,69
2xtmoxSauQs0TQFUoHmbfy,Crawlers,pov: indie,156703,43
0IecGJbdBeYSOVtSPRehh5,Billy Preston,funk,133173,46
6qeuyLF8sOYKgFtG1vkDPy,Oginalii,,1339,1
1AeC9AuzqGc3IXMC2T5xny,Zakk Wylde,groove metal,560658,54
7cpCnhhBIU1gA7EhTFApN1,Gerry Cinnamon,glasgow indie,566913,57
7mfZVdugh3KvNW34PrPqhl,Legs Diamond,,7490,15
5Rr15NSbi1Xjno1AEP9u21,Dan Croll,shimmer pop,113890,38
2SNzxY1OsSCHBLVi77mpPQ,Joe Bonamassa,blues,917723,53
10rzK0sLCXsUlDhl8ed0MV,Blackfoot,album rock,354489,41
1Nd9wmXkGfM0hTMPlJW2MB,Assemble Head In Sunburst Sound,neo-psychedelic,25530,20
37wnCBVoqmetYih8Y7tkmi,The Kings Of Frog Island,leicester indie,14318,22
7xpOvrTzp3BeaBJQ3LPp1n,Asteroid,psych gaze,315,1
70I9vE7YTwKmelfEplXc5r,Firewind,greek metal,99015,37
0mL6LBSQ4bHe6hWq90KzHL,Tropical Fuck Storm,art punk,106426,34
4YveAIZNQZBiWbt7iWsvCa,Krokus,album rock,301759,39
1cp2m6DupRAkeN3zwj1B1i,Sausage,,866,9
3x0LgZSPgNh91O6NBMtqTs,The Sadies,alternative country,25852,32
46njgd2Rq9tZc4ZjeQMgbh,Boz Scaggs,classic rock,798665,53
4qQyS8N0BHNkGQRi8xsha8,Maserati,american post-rock,31437,24
0WUpndpcjYMzyPwZ996Sha,Emily Wolfe,austindie,18099,25
0OdUWJ0sBjDrqHygGUXeCF,Band of Horses,chamber pop,998472,57
5imUS9dQyCbAjUEJJ9QyWC,Powerman 5000,alternative metal,692852,51
4svpOyfmQKuWpHLjgy4cdK,Godspeed You! Black Emperor,canadian post-rock,404789,40
5CPxrqCStgt6AfI4fLiedH,The Glorious Sons,canadian indie rock,191354,48
5PhWi4UkdjJYThzuoMItQa,OCS,modern psychedelic folk,13412,16
2TwOrUcYnAlIiKmVQkkoSZ,Wet Leg,crank wave,628894,55
4atj4MLAMFKMwu4PG1zzb7,3rd Secret,grunge,47876,21
0Pq1H8ePZYN3szPLokzclz,Leah Senior,melbourne indie,8299,16
4XqiDTxnoF69TkqNrNS1Rd,Hallows Eve,old school thrash,28547,17
79PHPSf8BWSUExVz2Y4pWD,Mink Mussel Creek,neo-psychedelic,24226,18
3Sz7ZnJQBIHsXLUSo0OQtM,Mac DeMarco,edmonton indie,5826297,77
142YBUGmLWCJigFLzgguf8,Gang of Youths,australian indie,390752,53
0TOZ0i0BHZJYKK2rvoRD2d,Ron Trent,chicago house,34462,29
0pVMTylksVdaTjJUo8CuZ0,Calico Vision,,165,0
4x1nvY2FN8jxqAFA0DA02H,John Lennon,classic rock,5977723,66
1aSxMhuvixZ8h9dK9jIDwL,Kate Bush,art pop,1944362,68
7IAFAOtc9kTYNTizhLSWM6,Hollow Coves,indie anthem-folk,672774,64
4PmxbsWP1u0TnvqcrIA9ze,Vieux Farka Touré,afropop,77121,47
1PryMSya1JnSAlcwYawCxp,Menahan Street Band,brass band,194907,59
48dgx7iGqLQ3E5KO3pzd94,Mdou Moctar,desert blues,125397,41
6WKdhhc03LqnixYI2ZzWzO,Mammoth WVH,modern hard rock,129676,44
4TMHGUX5WI7OOm53PqSDAT,Grateful Dead,cosmic american,1813150,63
3M8JKaNdIRChzvxVK1XxKm,FLEECE,psychedelic pop,60717,33
0Sh9OyckiAu6tBP2yiN6wf,Pipe-eye,australian psych,22750,22
4KhnLZjONKS3nuYzXoqoXi,Naked Giants,seattle indie,40312,31
16eRpMNXSQ15wuJoeqguaB,The Flaming Lips,alternative rock,787240,52
37PL04N8kBWWW69jdrMMWT,Altin Gün,dutch indie,334880,48
3Rq3YOF9YG9YfCWD4D56RZ,Nujabes,downtempo,1136839,62
46CitWgnWrvF9t70C2p1Me,Daughter,chamber pop,1351274,57
07YivsJVCrmhhjzBcBtMGv,Adrian Quesada,,21798,40
6vLlQYujOujIrm7zAKzEdG,Donovan,british folk,698405,52
7pXu47GoqSYRajmBCjxdD6,Vulfpeck,ann arbor indie,911012,56
4vGrte8FDu062Ntj0RsPiZ,Polyphia,instrumental rock,1148571,59
5a2NcVLOLrrn3oaG5cXmVt,Heavy Moss,,1774,6
6NMxX7OGWlXy932qXxRS7F,Altin Lazer Blaster,,245,17
4frXpPxQQZwbCu3eTGnZEw,Thundercat,afrofuturism,1321879,69
10flBVEy5MiUXOJWTaFsyL,Jellyfish,beatlesque,47260,31
54SHZF2YS3W87xuJKSvOVf,Widespread Panic,athens indie,275856,47
7oZLKL1GjYiaAgssXsLmW8,DOPE LEMON,,469371,60
0m5XJwKGYyUjd3VMfcINCQ,Shpongle,downtempo,286095,41
22nCgEikczPLtGfDdpRroh,Papadosio,jam band,99842,36
1hLiboQ98IQWhpKeP9vRFw,boygenius,indie pop,888317,64
0rUZnb9ntl9GXWLhj8cABs,bootleg gizzard,,18673,35
1Ffb6ejR6Fe5IamqA5oRUF,Bring Me The Horizon,melodic metalcore,5514310,75
0lAWpj5szCSwM4rUMHYmrr,Måneskin,indie rock italiano,9073275,78
4iJLPqClelZOBCBifm8Fzv,Pierce The Veil,modern rock,2954898,70
3Ri4H12KFyu98LMjSoij5V,Bad Omens,american metalcore,1264577,71
33tFkBLsl6f8TjKkV0uF0C,Lovejoy,pixel,1257162,56
6Ad91Jof8Niiw0lGLLi3NW,YUNGBLUD,british indie rock,2286423,67
6vwjIs0tbIiseJMR3pqwiL,Beartooth,melodic metalcore,768096,59
6PfSUFtkMVoDkx4MQkzOi3,100 gecs,bubblegum bass,605622,56
4o0pNHbyj36LPvukNqEug0,The Maine,neon pop punk,564139,54
6mx5dgNlLjrDDMyFsgrW87,TALK,singer-songwriter pop,193488,55
46gyXjRIvN1NL1eCB8GBxo,All Time Low,modern rock,3006352,66
5ObBtv5VunwwhQaXXnUrsM,KennyHoopla,pop punk,198819,46
0pCNk4D3E2xtszsm6hMsWr,K.Flay,escape room,590082,60
4OTFxPi5CtWyj1NThDe6z5,Weathers,pov: indie,297584,51
0zmxCsd8aIJHfNC95gdT2i,ALEXSUCKS,,16487,37
2FXC3k01G6Gw61bmprjgqS,Hozier,irish singer-songwriter,7109097,84
2SmW1lFlBJn4IfBzBZDlSh,The Warning,mexican metal,438028,58
1iEaqWaYpKo9x0OrEq7Q7z,Ayron Jones,seattle indie,64004,37
3Wcyta3gkOdQ4TfY0WyZpu,YONAKA,brighton indie,162507,49
7gHscNMDI8FF8pcgrV8eIn,Matt Maeson,pov: indie,466996,60
24qqDoA4BBXVnPOdHBjT54,Jack Kays,cincinnati rap,152715,49
6oFs3qk4VepIVFdoD4jmsy,PVRIS,pixie,677243,59
55VydwMyCuGcavwPuhutPL,The Used,alternative metal,1177768,59
4iDroUFo89Y7YBsdDTBmTD,Sueco,cali rap,582080,58
6d4jrmreCmsenscuieJERc,The Band CAMINO,hopebeat,390943,58
0e86yPdC41PGRkLp2Q1Bph,Mother Mother,canadian indie rock,3989217,69
7If8DXZN7mlGdQkLE2FaMo,The Gaslight Anthem,heartland rock,345816,51
4us4NMG5wuqdUZvthZrj0Q,Militarie Gun,5th wave emo,34862,40
34LdbFt5sVXKTJOzf1iExQ,Bully,bubblegrunge,90214,43
0waXk4SsKZBRCf7kiwi6uL,PÆRISH,french emo,16509,31
1kkyfIopIiVvaPHHlbsfac,Movements,alternative emo,263547,54
24XtlMhEMNdi822vi0MhY1,Taking Back Sunday,emo,838948,59
6deZN1bslXzeGvOLaLMOIF,Nickelback,alternative metal,6748601,75
4RddZ3iHvSpGV4dvATac9X,Papa Roach,alternative metal,5160967,70
2RTUTCvo6onsAnheUk3aL9,3 Doors Down,alternative metal,4325078,68
0C0XlULifJtAgn6ZNCW2eu,The Killers,alternative rock,7264793,74
3Ayl7mCk0nScecqOzvNp6s,Jimmy Eat World,alternative metal,1547123,66
1SImpQO0GbjRgvlwCcCtFo,The Red Jumpsuit Apparatus,alternative metal,1355548,60
0p4nmQO2msCgU4IF37Wi3j,Avril Lavigne,canadian pop,10872815,73
2qk9voo8llSGYcZ6xrBzKx,Kings of Leon,modern rock,5341301,74
5aYyPjAsLj7UzANzdupwnS,Good Charlotte,alternative metal,2543128,62
6Wr3hh341P84m3EI8qdn9O,Rise Against,alternative metal,2682185,67
43sZBwHjahUvgbx1WNIkIz,Creed,alternative metal,3289092,67
0niJkG4tKkne3zwr7I8n9n,Finger Eleven,alternative metal,730446,58
6TZdvF1kFzwnQLgHQynzsO,Alien Ant Farm,alternative metal,838610,57
3zxKH0qp3nBCuPZCZT5Vaf,Yellowcard,alternative metal,1485822,59
6KO6G41BBLTDNYOLefWTMU,P.O.D.,alternative metal,1920773,60
3YcBF2ttyueytpXtEzn1Za,Incubus,alternative metal,3231038,68
49qiE8dj4JuNdpYGRPdKbF,Stone Sour,alternative metal,2863834,61
2p4FqHnazRucYQHyDCdBrJ,Simple Plan,canadian pop punk,3545469,66
3yEnArbNHyTCwMRvD9SBy4,Wolfmother,alternative rock,939486,55
4rGrN4XDYhP6dUAZMvcuHr,Caesars,swedish indie rock,80572,51
1yAwtBaoHLEDWAnWR87hBT,Modest Mouse,alternative rock,1452984,61
5jcIIICg01zIq8InYieJ5w,Hundred Reasons,uk post-hardcore,27303,31
1g1yxsNVPhMUl9GrMjEb2o,Plain White T's,modern rock,1238029,60
3MM8mtgFzaEJsqbjZBSsHJ,Bloc Party,alternative dance,1124780,58
6RZUqkomCmb8zCRqc9eznB,Placebo,alternative rock,1908061,62
5BvJzeQpmsdsFp4HGUYUEx,Vampire Weekend,baroque pop,1935340,66
0ECwFtbIWEVNwjlrfc6xoL,Eagles,album rock,10584581,73
0Ak6DLKHtpR6TEEnmcorKA,The Vaccines,british indie rock,770309,54
6PAt558ZEZl0DmdXlnjMgD,Eric Clapton,album rock,5793369,68
3Z814BstLaKbLqKHXsht8O,Gripin,turkish alternative,1402853,55
1GLtl8uqKmnyCWxHmw9tL4,The Kooks,brighton indie,2528082,65
3PhoLpVuITZKcymswpck5b,Elton John,glam rock,13239419,80
7vUQWOBM62PVpMM3hnNIZj,TILLY KINGSTON,,537,7
09RG3xMP9VjXnT0orORnZk,Jazz Revenge,,286,1
0Je74SitssvJg1w4Ra2EK7,4 Non Blondes,new wave pop,514211,60
0t8FDT35kSVXDaLB5lmK8t,Gin Annie,modern hard rock,3689,20
7t0rwkOPGlDPEhaOcVtOt9,The Cranberries,irish rock,4191738,73
58lV9VcRSjABbAbfWS6skp,Bon Jovi,glam metal,13210009,76
7Js6Lde8thlIHXggv2SCBz,Europe,album rock,1546582,61
0cQbJU1aAzvbEmTuljWLlF,No Doubt,dance pop,2791300,67
2cGwlqi3k18jFpUyTrsR84,The Verve,britpop,2321346,63
35rKzhQNtPuVSr41OoXY97,Stone Angels,,1331,22
26bcq2nyj5GB7uRr558iQg,Survivor,album rock,1113345,65
0PFtn5NtBbbUNbU9EAmIWF,TOTO,album rock,2906851,72
3Z02hBLubJxuFJfhacLSDc,Bryan Adams,canadian pop,3585255,72
2SHhfs4BiDxGQ3oxqf0UHY,Roxette,europop,2202541,68
6w7j5wQ5AI5OQYlcM15s2L,Extreme,funk metal,598385,58
1zxDewzd2j1ZdSBGaYcr0y,The Outfield,album rock,647524,67
07XSN3sPlIlB2L2XNcTwJw,KISS,glam rock,9414067,69
7jdFEYD2LTYjfwxOdlVjmc,KALEO,icelandic indie,1766725,68
5aMmmNxw4vgpc5XC6hK0zp,The Calling,neo mellow,767684,59
0eI3X5rAzHRZVe5FPk4MN1,Bad Wolves,alternative metal,714837,63
4lxfqrEsLX6N1N4OCSkILp,Phil Collins,rock drums,5796510,73
0grdhNhiRLFBaFVyybqsj6,Richard Marx,new wave pop,1309724,64
2iEvnFsWxR0Syqu2JNopAd,Smash Mouth,pop rock,1069087,64
6DIS6PRrLS3wbnZsf7vYic,WALK THE MOON,dance rock,2100238,68
49bzE5vRBRIota4qeHtQM8,Skillet,alternative metal,5057437,71
4njdEjTnLfcGImKZu1iSrz,AWOLNATION,la indie,2065306,58
2Q3eZMfDQgT8MhPowKFXYO,t.A.T.u.,dance pop,839200,60
0kObWap02DEg9EAJ3PBxzf,Starship,album rock,1064541,63
568ZhdwyaiCyOGJRtNYhWf,Deep Purple,album rock,5449410,63
1co4F2pPNH8JjTutZkmgSm,Ramones,alternative rock,2609711,63
5NGO30tJxFlKixkPSgXcFE,The Police,album rock,6057485,74
2tRsMl4eGxwoNabM08Dm4I,Judas Priest,album rock,4023628,64
6H1RjVyNruCmrBEWRbD0VZ,Def Leppard,album rock,4913073,67
7b85ve82Sh36a3UAx74wut,Twisted Sister,album rock,2627532,58
0cc6vw3VN8YlIcvr1v7tBL,Mötley Crüe,album rock,5115065,68
4CYeVo5iZbtYGBN4Isc3n6,Dio,album rock,2582208,58
2hl0xAkS2AIRAu23TVMBG1,Kansas,album rock,1553939,65
0rvjqX7ttXeg3mTy8Xscbt,Journey,album rock,5445529,72
4pQN0GB0fNEEOfQCaWotsY,Helloween,german metal,1221845,54
2aaLAng2L2aWD2FClzwiep,Dream Theater,metal,1558606,58
7JDSHlDdVTo7aZKdQZ53Vf,Static-X,alternative metal,1436854,55
2zsLaQhHFdQPdFXqG1nRmM,Seven Mary Three,alternative metal,319363,45
7iWiAD5LLKyiox2grgfmUT,Bullet For My Valentine,alternative metal,2975545,64
37394IP6uhnjIpsawpMu4l,Killswitch Engage,alternative metal,1864522,60
2AVVj8ezW2mJ0v8u7XydiF,Saving Abel,alternative metal,875902,53
0Gw3a3BkWLwsMLFbOBmo6Q,Cold,permanent wave,50544205,85
7fWgqc4HJi3pcHhK8hKg2p,Dope,alternative metal,774391,53
3vbKDsSS70ZX9D2OcvbZmS,Beck,alternative rock,1540883,63
0yN7xI1blow9nYIK0R8nM7,Buckcherry,alternative metal,815563,54
6eeYhqOX2cpsiHY6gVuvPA,Earshot,alternative metal,133058,39
6GbCJZrI318Ybm8mY36Of5,Faith No More,alternative metal,1805863,58
6kXp61QMZFPcKMcRPqoiVj,Gin Blossoms,permanent wave,672848,53
4hxDvVq5t8ebPYPdBl1F9f,HELLYEAH,alternative metal,703986,50
6w7fc6IZlo5zwBaKT5jU1X,The Lemonheads,alternative rock,252959,46
6eoJpTIlcuxJNjV5fDzDJH,Live,grunge,788567,59
5KWOCu1saEHAhPiLKlOLIy,Leo,bolero,3110015,68
0QrdI8XQ5u9FdMzsFbVliM,Stemm,buffalo ny metal,10590,30
3pulcT2wt7FEG10lQlqDJL,Amon Amarth,groove metal,1114554,57
1km0R7wy712AzLkA1WjKET,Biffy Clyro,modern rock,715591,53
11wRdbnoYqRddKBrpHt4Ue,Kasabian,britpop,1778322,59
5gznATMVO85ZcLTkE9ULU7,Lenny Kravitz,permanent wave,3205112,68
3M4ThdJR28z9eSMcQHAZ5G,The Fratellis,garage rock,843095,57
6lyMYewq2SuTFIXgiv7OxH,Inhaler,dublin indie,387569,52
7xklw3WodFZiNNmQt3DIgp,Angels & Airwaves,pop punk,691129,52
1aEYCT7t18aM3VvM6y8oVR,Alkaline Trio,chicago punk,388370,54
6TcnmlCSxihzWOQJ8k0rNS,Third Eye Blind,alternative metal,1562349,61
7EQ0qTo7fWT7DPxmxtSYEc,Bastille,metropopolis,5503659,72
1dWEYMPtNmvSVaDNLgB6NV,Saint Motel,la indie,701638,61
6sN51vEARnAAdBw1IKZ8Q9,Liam Gallagher,britpop,1118607,54
7sjttK1WcZeyLPn3IsQ62L,Noel Gallagher's High Flying Birds,britpop,912129,56
2x9iKuuxMHGDm12dmNfOAh,The Chevin,,7626,23
21UJ7PRWb3Etgsu99f8yo8,Stereophonics,britpop,1541220,60
1TqQi97nqeiuOJrIFv5Sw0,Semisonic,pop rock,447704,54
4W48hZAnAHVOC2c8WH8pcq,The Temper Trap,indietronica,700056,64
0Ya43ZKWHTKkAbkoJJkwIB,The Wombats,liverpool indie,1060399,58
2bA2YuQk2ID3PWNXUhQrWS,Johnny Marr,britpop,136517,47
7243txmysJ4KbRmH8UAMKO,The Amazons,english indie rock,132618,38
6PHIK3kjWggLtVygsOtpqS,Suede,,184588,61
3Ngh2zDBRPEriyxQDAMKd1,Matchbox Twenty,neo mellow,2478709,64
20JZFwl6HVl6yg8a4H3ZqK,Panic! At The Disco,pop,12156592,74
2CmaKO2zEGJ1NWpS1yfVGz,Falling In Reverse,alternative metal,3141154,71
64g59lHsc4g2jMFokrKDGW,My Darkest Days,alternative metal,597388,56
0CEFCo8288kQU7mJi25s6E,Hollywood Undead,alternative metal,2342819,65
3Uobr6LgQpBbk6k4QGAb3V,I Prevail,alternative metal,1457541,66
4frytKnOBrer4QVPWynGtX,Forever The Sickest Kids,electropowerpop,280868,42
4NiJW4q9ichVqL1aUsgGAN,A Day To Remember,alternative metal,2308837,66
7dWYWUbO68rXJOcyA7SpJk,Fort Minor,rap rock,604097,56
0xIChbcTsuYLueN1oEsX9v,(Hed) P.E.,alternative metal,216234,45
74eX4C98E4FCrAMl39qRsJ,Theory of a Deadman,alternative metal,2096093,60
09J4zbHHwNNlN2tfgJIg21,Anarbor,neon pop punk,220339,48
5ojhEavq6altxW8fWIlLum,Escape the Fate,alternative metal,1302411,59
5ND0mGcL9SKSjWIjPd0xIb,Bowling For Soup,neon pop punk,1131116,59
2pH3wEn4eYlMMIIQyKPbVR,DragonForce,british power metal,1039357,56
10n5DVRlZbjbZ5ffpwpn6l,Rev Theory,alternative metal,272080,48
4nku1C0kzbBVhdflAwyTfO,Cage9,hard alternative,6080,22
3nJWBJvK7uGvfp4iZh9CkN,Relient K,canadian ccm,362127,50
1cSpfa4Un4NCOzeOKgGtG9,MxPx,christian punk,253985,44
1u7kkVrr14iBvrpYnZILJR,Sex Pistols,alternative rock,1787997,52
3IYUhFvPQItj6xySrBmZkd,Creedence Clearwater Revival,album rock,6559759,78
1Fmb52lZ6Jv7FMWXXTPO3K,Joan Jett & the Blackhearts,glam punk,825192,63
3ICflSq6ZgYAIrm2CTkfVP,The Animals,album rock,2390166,62
74ASZWbe4lXaubB36ztrGX,Bob Dylan,classic rock,6440244,68
2yJwXpWAQOOl5XFzbCxLs9,Bad Religion,punk,1274721,58
6SiyKSeJo6gcsS2NvuAbsl,zebrahead,funk metal,332755,48
0RaO9p4AomXaVUXzV8SPVW,Faker,,739,37
1NUOfvAhA9AvsF1ISMkgHX,Saosin,neon pop punk,466206,53
07ATE522e8aDsEb0JVLYqg,Strung Out,melodic hardcore,150125,42
1MrEurzLcL8ugfP1PrUPWG,Billie Joe Armstrong,,148130,40
0OgdRTPItr9dw4XYp4JJUx,Fit For A King,christian metalcore,400271,51
7FngGIEGgN3Iwauw1MvO4P,"nothing,nowhere.",cloud rap,427319,54
1koutXdSFq2PHqtxSWj9tK,Hot Milk,pop punk,123686,48
6d24kC5fxHFOSEAmjQPPhc,Periphery,djent,493298,51
52qKfVcIV4GS8A8Vay2xtt,Ice Nine Kills,metalcore,891901,62
45eNHdiiabvmbp4erw26rg,ILLENIUM,edm,1500224,68
4BKyei61gtyDFxlKhcvBJJ,Celldweller,future rock,260776,49
1IQ2e1buppatiN1bxUVkrk,Slayer,alternative metal,3891811,63
4imM7dETySL7G7vb5G34Zy,SD17,,112,3
0EyuKHE1AeE9lWUF8mzKVp,Fuel,alternative metal,820438,52
6kNKUYGn6VNGsRoXmyoDPK,The Amity Affliction,australian metalcore,714059,57
6QtGlUje9TIkLrgPZrESuk,Steve Miller Band,album rock,2991857,65
4tpUmLEVLCGFr93o8hFFIB,Blondie,candy pop,1464526,67
7lzordPuZEXxwt9aoVZYmG,Billy Idol,album rock,1962909,66
0WwSkZ7LtFUFjGjMZBMt6T,Dire Straits,album rock,7459181,73
1zuJe6b1roixEKMOtyrEak,Tina Turner,soft rock,4047244,66
4tX2TplrkIP4v05BNC903e,Tom Petty and the Heartbreakers,album rock,2744277,65
3eqjTLE0HfPfh78zjh6TqT,Bruce Springsteen,heartland rock,6236328,74
7C4sUpWGlTy7IANjruj02I,Peter Gabriel,album rock,1722457,61
2pdvghEHZJtgSXZ7cvNLou,"Crosby, Stills & Nash",album rock,1908531,56
67ea9eGLXYMsO2eYQRui3w,The Who,album rock,5335837,65
5a2EaR3hamoenG9rDuVn8j,Prince,funk,7255916,68
43mhFhQ4JAknA7Ik1bOZuV,Pat Benatar,album rock,1733535,60
3RGLhK1IP9jnYFH4BRFJBS,The Clash,alternative rock,2726240,68
3dBVyJ7JuOMt4GE9607Qin,T. Rex,classic rock,1050100,58
6DCIj8jNaNpBz8e5oKFPtp,The Cars,album rock,1808005,62
4MVyzYMgTwdP7Z49wAZHx0,Lynyrd Skynyrd,album rock,5096588,70
7LCp4MN0SOIVWlssid9KyE,Mountain,album rock,306594,49
2e53aHBQdCMKWqHDuyJsjC,Free,album rock,515791,53
0Nn9YwJzcaeuU1jJL06e3r,The Knack,album rock,242376,52
485uL27bPomh29R4JmQehQ,Bob Seger,album rock,2381842,65
74oJ4qxwOZvX6oSsu1DGnw,Cream,album rock,2341290,60
29kkCKKGXheHuoO829FxWK,Boston,album rock,2718891,63
2rc78XDH9zuJP6bm78lU8Z,Derek & The Dominos,album rock,699504,55
1SQRv42e4PjEYfPhS0Tk9E,The Kinks,album rock,2564317,63
1LB8qB5BPb3MHQrfkvifXU,Cheap Trick,album rock,1470421,57
39T6qqI0jDtSWWioX8eGJz,The Doobie Brothers,album rock,2486657,65
7crPfGd2k81ekOoSqQKWWz,Stevie Nicks,heartland rock,1591740,62
00tVTdpEhQQw1bqdu8RCx2,Blue Öyster Cult,album rock,1549779,60
5dbuFbrHa1SJlQhQX9OUJ2,Don Henley,album rock,1573032,61
1eClJfHLoDI4rZe5HxzBFv,INXS,australian rock,2638978,66
1WRM9i067hd2ujxxi8FI3m,Steppenwolf,acid rock,1585017,59
4wQ3PyMz3WwJGI5uEqHUVR,Allman Brothers Band,album rock,1609035,62
2UZMlIwnkgAEDBsw1Rejkn,Tom Petty,album rock,2524004,67
03r4iKL2g2442PT9n2UKsx,Beastie Boys,alternative rock,2783164,66
5AEG63ajney2BoDXi0Vb84,Bad Company,album rock,1166249,55
1gRNBaI4yn6wCCTvRhGWh8,Don McLean,classic rock,969522,60
6GI52t8N5F02MxU0g5U69P,Santana,blues rock,3320921,68
0cQuYRSzlItquYxsQKDvVc,The Guess Who,album rock,717212,52
4Tw2N3wdvJPGEU7JqMxFfE,Eddie Money,album rock,890331,55
42TFhl7WlMRXiNqzSrnzPL,Lou Reed,classic rock,1813279,59
7FIoB5PHdrMZVC3q2HE5MS,George Harrison,album rock,2656069,65
3eskO5m0H4yiF64vRySBjr,Buffalo Springfield,album rock,811034,60
7jefIIksOi1EazgRTfW2Pk,Electric Light Orchestra,album rock,4009536,69
6x33CmZWo2Ve4hxYl2Craq,Foghat,album rock,870391,49
3EhbVgyfGd7HkpsagwL9GS,Alice Cooper,album rock,3673056,60
33EUXrFKGjpUSGacqEHhU4,Iggy Pop,alternative rock,1613018,58
4J69yWrKwWJgjv3DKTZcGo,Big Brother & The Holding Company,blues rock,279060,51
5hfOHpGMsi8O3DA0ROLGqF,James Gang,album rock,369453,45
2mG8HHQ9S9kcbjcrb5N1FE,The Go-Go's,hip hop,5776785,70
3nnQpaTvKb5jCQabZefACI,Jeff Buckley,melancholia,1342875,62
5SHQUMAmEK5KmuSb0aDvsn,Hole,alternative rock,1164103,59
0vEsuISMWAKNctLlUAhSZC,Counting Crows,neo mellow,1750801,65
0EdvGhlC1FkGItLOWQzG4J,Sublime,rap rock,2779604,70
2PSiyldxmJze7xiqbz658m,Spin Doctors,pop rock,660857,56
5mgr0FFpvy267wKVAYg8qp,Lit,alternative metal,344202,54
6ogn9necmbUdCppmNnGOdi,Alanis Morissette,canadian pop,2796715,65
7fu6ebyL3JGXJgo5zsOo4k,Harvey Danger,pop rock,120196,47
3XsgWn63EnA4wYZBjVyxjf,Ugly Kid Joe,funk metal,274970,48
6S0GHTqz5sxK5f9HtLXn9q,Garbage,alternative rock,1198591,56
694QW15WkebjcrWgQHzRYF,Everclear,alternative metal,967221,54
0sHeX8oQ6o7xic3wMf4NBU,Supergrass,alternative rock,602302,56
5uYXMC13cIUulobh204QuK,The Mighty Mighty Bosstones,boston punk,355271,51
11zHPjHnZN0ACA50rSnTcy,Nada Surf,power pop,186389,45
1xgFexIwrf2QjbU0buCNnp,The Breeders,alternative rock,460916,50
5HlXA01kcjssYDT7EoqUJF,Skunk Anansie,british alternative rock,357318,48
0ZZr6Y49NZWRJc0uCwqpMR,Feeder,britpop,232966,47
3MomZRiJwdZmYnysgtF4Ey,Therapy?,alternative metal,108063,38
0b2B3PwcYzQAhuJacmcYgc,The HU,mongolian alternative,862765,54
4xXCRXOfQKQ2gjWxNhNzYW,Air Supply,soft rock,4296116,67
0vYkHhJ48Bs3jWcvZXvOrP,Patti Smith,art punk,1114899,54
0f3EsoviYnRKTkmayI3cux,Men At Work,album rock,1264950,66
44NX2ffIYHr6D4n7RaZF7A,Van Morrison,classic rock,3140121,71
34E3csCxpXunPGEkOVVX2g,Albert Hammond,classic uk pop,122774,51
3wury2nd8idV4GecUg5xze,Primal Scream,alternative rock,504295,49
4NgfOZCL9Ml67xzM0xzIvC,Janis Joplin,album rock,3330573,59
1dLWg6m8RRhizsdqJbhyj3,Quiet Riot,album rock,1787469,54
244uLu9lkdw39BJwlul3k8,Perturbator,cyberpunk,331038,48
5paQl5yvsPCEVdx4fi3fnd,Wolf Jaw,modern hard rock,2076,3
2R57sY41L9XvGPiIgHOaYq,The Pretty Reckless,alternative metal,1403589,56
0tEV99Mi95s1JxCUezOgeo,sayk_,,7379,23
536BYVgOnRky0xjsPT96zl,Two Door Cinema Club,indie rock,2392165,67
0AepkoQhYvkjEzzwIcGxdV,Jacob Banks,uk contemporary r&b,532061,54
6FXMGgJwohJLUSr5nVlf9X,Massive Attack,downtempo,2179075,61
3jnoH2xrhvxUgeN2rrudHL,Hurt,post-grunge,54498,34
4f5V3PQ66nIrBCqugJtaGn,Death,death metal,859708,54
3iOvXCl6edW5Um0fXEBRXy,The xx,downtempo,3755919,63
1Tsag5J854qxeOo2apszug,Silverstein,canadian post-hardcore,707429,54
1uRpg2s2jNaxbmoNiJDGfd,Pain of Salvation,prog metal,134018,36
42ZQcu4ciEscZIXmdldg7j,Votum,progressive alternative,19500,28
4OUkgSJQkianAfCIzM5Y9L,Kryn,croatian metal,8331,16
325i7BW7vMnVBl9YWdT6zN,Kaunis Kuolematon,finnish death metal,15057,25
5SaDyTQkjAAdrsmhPzrmw2,Jorn,alternative metal,7479971,73
6rBvjnvdsRxFRSrq1StGOM,Bathory,autonomous black metal,388534,44
4Cqia9vrAbm7ANXbJGXsTE,Slash,hard rock,3064560,59
1Pjg5qPonAZfOVPxw7vHaj,Ben Zimmermann,,1775,23
3Meu28o8P5z9Zjm6NTGihT,Agalloch,atmospheric black metal,169689,37
4G9wSdX0klmoHfjm9i6DLd,Loathe,nu-metalcore,328958,57
2CWWgbxApjbyByxBBCvGTm,Katatonia,doom metal,380610,47
0gsIXiV7rw5I9wJaxgoOdB,In Mourning,melodic death metal,54494,27
74aLweE8FHHf4yN5TWv1GM,HIM,dark rock,712185,56
2VYbuGDGM7ipeu54IbKzyw,Les Discrets,blackgaze,69520,29
24dCDrr94SNSAREMJhBHCs,Woods Of Ypres,canadian black metal,86795,38
71vVmHeNgCVSa5SVmfvscU,Saxon,glam metal,588593,48
7Bu90tRyNrQvmkf0Xqggfe,Johari,progressive metalcore,18872,26
5AyEXCtu3xnnsTGCo4RVZh,Duster,corecore,994670,65
2CnhqfjUG0qzsru0SMuhrk,Title Fight,alternative emo,410902,60
5mhzOmngdC4RpOGjerls6D,Downface,grunge,15357,18
